Category,Subcategory,Subsubcategory,Details
Philosophers' Views on Metaphor,Aristotle's Take,Metaphor as Analogy,Aristotle sees metaphor as a form of analogy  drawing connections between different concepts to enhance understanding. 
Philosophers' Views on Metaphor,Aristotle's Take,Imitation and Mimesis,Aristotle explores how metaphor involves imitation and mimesis  capturing the essence of one thing through another. 
Philosophers' Views on Metaphor,Aristotle's Take,Rhetoric and Poetics,Aristotle emphasizes the role of metaphor in rhetoric and poetics  shaping persuasive and artistic language. 
Philosophers' Views on Metaphor,Aristotle's Take,Catharsis,Within the context of tragedy  Aristotle discusses metaphor's role in inducing catharsis  an emotional purgation in the audience.
Philosophers' Views on Metaphor,Aristotle's Take,Metaphor in Poetic Language,Aristotle delves into the use of metaphor within poetic language  highlighting its significance in poetic expression. 
Philosophers' Views on Metaphor,Aristotle's Take,Aristotelian Concept of Truth,Aristotle considers how metaphor contributes to conveying a deeper truth  beyond literal language. 
Philosophers' Views on Metaphor,Heidegger's Lens,Ontology’s Role,Heidegger sees metaphor as revealing the ontological aspects of being  providing insights into the nature of existence. 
Philosophers' Views on Metaphor,Heidegger's Lens,Being as Metaphor,Metaphor  according to Heidegger  allows for an understanding of being through various linguistic expressions.
Philosophers' Views on Metaphor,Heidegger's Lens,Language Analysis,Heidegger engages in a linguistic analysis  exploring how metaphor discloses aspects of reality through language. 
Philosophers' Views on Metaphor,Heidegger's Lens,Truth's Metaphors,Metaphor is tied to truth  with Heidegger examining how different metaphors contribute to our understanding of truth. 
Philosophers' Views on Metaphor,Heidegger's Lens,Poetic Discourse,Heidegger sees poetry as a form of metaphorical discourse  capturing the essence of being in a non-reductive way. 
Philosophers' Views on Metaphor,Heidegger's Lens,Aletheia Concept,Metaphor is linked to the concept of aletheia  where truth is understood as an unveiling or disclosure through language. 
Philosophers' Views on Metaphor,Kant's Analysis,Transcendental Aesthetic,Kant explores how metaphor plays a role in the transcendental aesthetic  shaping our sensibility and understanding. 
Philosophers' Views on Metaphor,Kant's Analysis,Categories of Understanding,Metaphor  for Kant  is examined in relation to the categories of understanding
Philosophers' Views on Metaphor,Kant's Analysis,Aesthetic Judgment,Kant discusses the aesthetic judgment involved in metaphor  connecting it to the sublime and beautiful. 
Philosophers' Views on Metaphor,Kant's Analysis,Transcendental Idealism,Within transcendental idealism  Kant considers how metaphor participates in shaping our perception of reality. 
Philosophers' Views on Metaphor,Kant's Analysis,Kantian Concept of Beauty,Metaphor is analyzed in terms of its association with the Kantian concept of beauty and aesthetic experience.  
Philosophers' Views on Metaphor,Kant's Analysis,Subjectivity of Aesthetic Experience,Kant reflects on the subjective nature of aesthetic experience and the role metaphor plays in this subjectivity.  
Philosophers' Views on Metaphor,Lakoff's Model,Conceptual Metaphor,Lakoff introduces the idea of conceptual metaphor  emphasizing how metaphor shapes fundamental cognitive structures. 
Philosophers' Views on Metaphor,Lakoff's Model,Cognitive Semantics,Within cognitive semantics  Lakoff explores how metaphor is not merely linguistic but deeply rooted in cognitive processes. 
Philosophers' Views on Metaphor,Lakoff's Model,Embodied Mind,Metaphor is grounded in the embodied mind  reflecting the influence of physical experiences on abstract concepts. 
Philosophers' Views on Metaphor,Lakoff's Model,Metaphorical Mapping,Lakoff describes metaphorical mapping  illustrating how source domains structure target domains in metaphorical expressions. 
Philosophers' Views on Metaphor,Lakoff's Model,Experiential Basis,Metaphors often have an experiential basis  drawing on bodily experiences to convey abstract meanings. 
Philosophers' Views on Metaphor,Lakoff's Model,Cultural Influence,Lakoff discusses how cultural frameworks shape metaphors  influencing language and thought. 
Philosophers' Views on Metaphor,Nietzsche's View,Perspectivism,Nietzsche's perspectivism is intertwined with metaphor  as he sees language and metaphor as reflecting diverse perspectives. 
Philosophers' Views on Metaphor,Nietzsche's View,Will to Power,Metaphor  for Nietzsche  embodies the will to power
Philosophers' Views on Metaphor,Nietzsche's View,Metaphor as Artistic Expression,Nietzsche views metaphor as a form of artistic expression  allowing for the exploration of new ideas and realities. 
Philosophers' Views on Metaphor,Nietzsche's View,Eternal Recurrence,Metaphor is linked to the eternal recurrence  a concept expressing the cyclical nature of existence. 
Philosophers' Views on Metaphor,Nietzsche's View,Dionysian vs. Apollonian,Nietzsche contrasts the Dionysian and Apollonian aspects in metaphor  reflecting the dualistic nature of creative forces. 
Philosophers' Views on Metaphor,Nietzsche's View,Nietzschean Critique of Truth,Metaphor is central to Nietzsche's critique of traditional notions of truth  challenging fixed and rigid interpretations. 
Philosophers' Views on Metaphor,Ricoeur's Idea,Metaphor Theory,Ricoeur develops a comprehensive theory of metaphor  exploring its narrative and transformative aspects. 
Philosophers' Views on Metaphor,Ricoeur's Idea,Semantic Innovation,Metaphor  for Ricoeur  involves semantic innovation
Philosophers' Views on Metaphor,Ricoeur's Idea,The Living Metaphor,Ricoeur introduces the concept of the living metaphor  emphasizing its dynamic and evolving nature. 
Philosophers' Views on Metaphor,Ricoeur's Idea,Hermeneutic Arc,Metaphor contributes to the hermeneutic arc  playing a crucial role in the interpretation of texts and experiences. 
Philosophers' Views on Metaphor,Ricoeur's Idea,Mimesis Frame,Ricoeur explores how metaphor operates within the framework of mimesis  imitating and representing aspects of reality. 
Philosophers' Views on Metaphor,Ricoeur's Idea,Text & Metaphor,In textual interpretation  Ricoeur considers the interplay between text and metaphor  unraveling layers of meaning.
Philosophers' Views on Metaphor,Searle's Theory,Speech Acts,Searle examines metaphor in the context of speech acts  considering how it functions as more than a descriptive tool. 
Philosophers' Views on Metaphor,Searle's Theory,Literal vs. Figurative Language,Searle distinguishes between literal and figurative language  shedding light on the nature of metaphorical expressions. 
Philosophers' Views on Metaphor,Searle's Theory,Intentionality,Within speech acts  Searle emphasizes the intentionality behind metaphorical utterances and their communicative force. 
Philosophers' Views on Metaphor,Searle's Theory,Background Skills,Metaphor draws on background skills  and Searle explores how these skills contribute to the understanding of metaphor. 
Philosophers' Views on Metaphor,Searle's Theory,Metaphorical Truth,Searle discusses the notion of metaphorical truth and how metaphor can convey meaningful insights.  
Philosophers' Views on Metaphor,Searle's Theory,Pragmatic Roles,Metaphor plays various pragmatic roles in communication  influencing social interactions and language use. 
Philosophers' Views on Metaphor,Wittgenstein's,Language Games,Wittgenstein views metaphor as embedded in language games  where meaning is understood through social practices. 
Philosophers' Views on Metaphor,Wittgenstein's,Meaning Use,Metaphor  for Wittgenstein  is defined by its use in various language games
Philosophers' Views on Metaphor,Wittgenstein's,Family Resem.,Metaphor relies on family resemblances  where similarities between uses of language contribute to understanding. 
Philosophers' Views on Metaphor,Wittgenstein's,Rule Following,Wittgenstein explores how rule-following is inherent in metaphor  providing a basis for meaningful language use. 
Philosophers' Views on Metaphor,Wittgenstein's,Private Language,Metaphor challenges the idea of a private language  as meaning is derived from shared understanding within a community. 
Philosophers' Views on Metaphor,Wittgenstein's,Forms of Life,Wittgenstein connects metaphor to forms of life  where linguistic practices are grounded in shared cultural contexts. 
Philosophers' Views on Metaphor,Wittgenstein's,Meaning Shifts,Metaphor involves shifts in meaning within specific contexts  reflecting the flexibility and context-dependence of language. 
Philosophers' Views on Metaphor,Derrida's Perspective,Deconstruction,Derrida employs deconstruction to analyze metaphors  revealing layers of meaning and challenging binary oppositions. 
Philosophers' Views on Metaphor,Derrida's Perspective,Textual Play,Metaphor is seen as engaging in textual play  disrupting traditional structures and inviting multiple interpretations. 
Philosophers' Views on Metaphor,Derrida's Perspective,Meaning's Gap,Derrida explores the gap between signifier and signified in metaphor  highlighting the inherent instability of meaning. 
Philosophers' Views on Metaphor,Derrida's Perspective,Language Limits,Metaphor  within Derrida's framework  reveals the limits and constraints of language in expressing absolute truths.
Philosophers' Views on Metaphor,Derrida's Perspective,Deferred Sign,Derrida introduces the concept of the deferred sign  suggesting that meaning is never fully present in metaphor. 
Philosophers' Views on Metaphor,Derrida's Perspective,Trace Concept,Metaphor leaves traces of meanings that are subject to interpretation  emphasizing the openness and indeterminacy of language. 
Philosophers' Views on Metaphor,Davidson's View,Literalism,Davidson argues for a form of literalism  asserting that metaphorical expressions can be understood without invoking a separate metaphorical meaning. 
Philosophers' Views on Metaphor,Davidson's View,No Metaphor,Davidson challenges the idea that metaphor involves a distinct level of metaphorical meaning beyond the literal meaning.  
Philosophers' Views on Metaphor,Davidson's View,Pragmatic Turn,Metaphor  according to Davidson  is analyzed through a pragmatic turn
Philosophers' Views on Metaphor,Davidson's View,Beyond Simile,Davidson distinguishes metaphor from simile  emphasizing metaphor's unique way of relating disparate concepts. 
Philosophers' Views on Metaphor,Davidson's View,Use vs Mention,The distinction between using and mentioning in language is crucial to Davidson's analysis of how metaphors function.  
Philosophers' Views on Metaphor,Davidson's View,Meaning Paradox,Davidson explores the paradox of metaphorical meaning  where the metaphorical content is both present and absent. 
Philosophers' Views on Metaphor,Davidson's View,Interpretation,The interpretation of metaphor involves understanding its role in a particular context  emphasizing contextual aspects. 
Philosophers' Views on Metaphor,Foucault's Take,Power Dynamics,Foucault examines metaphor within power dynamics  revealing how language is intertwined with relations of power. 
Philosophers' Views on Metaphor,Foucault's Take,Discourse and Language,Metaphor  for Foucault  is part of larger discursive formations
Philosophers' Views on Metaphor,Foucault's Take,Epistemes,Metaphor reflects underlying epistemes  influencing the dominant ways of knowing and organizing knowledge. 
Philosophers' Views on Metaphor,Foucault's Take,Archaeology of Knowledge,Foucault engages in an archaeology of knowledge  uncovering the historical layers in which metaphors operate. 
Philosophers' Views on Metaphor,Foucault's Take,Bio-power,Metaphor is implicated in bio-power  where language contributes to the regulation and control of populations. 
Philosophers' Views on Metaphor,Foucault's Take,Subjectivity and Power,Foucault explores how subjectivity is constructed through language  with metaphor playing a role in this process. 
Philosophers' Views on Metaphor,Vico's Insight,Historical Understanding,Vico emphasizes metaphor's role in historical understanding  where language shapes and reflects cultural development. 
Philosophers' Views on Metaphor,Vico's Insight,Verum Factum Principle,Metaphor is seen through the lens of the verum factum principle  where truth is intimately tied to human creation. 
Philosophers' Views on Metaphor,Vico's Insight,Commonsense Knowledge,Vico explores how metaphor is embedded in commonsense knowledge  influencing everyday perceptions. 
Philosophers' Views on Metaphor,Vico's Insight,Imagination and Poetic Wisdom,Metaphor draws on human imagination and poetic wisdom  allowing for creative and expressive language. 
Philosophers' Views on Metaphor,Vico's Insight,Historical Development of Language,Vico sees metaphor as integral to the historical development of language  reflecting societal changes. 
Philosophers' Views on Metaphor,Vico's Insight,Myth and Symbolism,Metaphor is intertwined with myth and symbolism  playing a crucial role in the narrative fabric of cultures. 
Philosophers' Views on Metaphor,Hume's Analysis,Association of Ideas,Hume explores how metaphor is connected to the association of ideas  where similarity and contiguity play a role. 
Philosophers' Views on Metaphor,Hume's Analysis,Imagination and Custom,Metaphor involves the imagination and custom  contributing to the formation of habitual ways of thinking. 
Philosophers' Views on Metaphor,Hume's Analysis,Empiricism,Hume's empirical approach to metaphor considers how sensory experiences influence the creation and understanding of metaphors.  
Philosophers' Views on Metaphor,Hume's Analysis,Empirical Realism,Metaphor is analyzed through empirical realism  with meaning grounded in observable and experiential phenomena. 
Philosophers' Views on Metaphor,Hume's Analysis,Ideas and Impressions,Hume delves into the interplay of ideas and impressions in metaphorical language  shaping cognitive representations. 
Philosophers' Views on Metaphor,Hume's Analysis,Complex Ideas,Metaphor is seen as giving rise to complex ideas  combining simple concepts in novel and imaginative ways. 
Philosophers' Views on Metaphor,Elizabeth Camp's Work,Metaphor Theory,Camp develops a comprehensive metaphor theory  considering how metaphors contribute to meaning and understanding. 
Philosophers' Views on Metaphor,Elizabeth Camp's Work,Cognitive Focus,Metaphor  in Camp's work  is explored in terms of cognitive processes
Philosophers' Views on Metaphor,Elizabeth Camp's Work,Figurative Speech,Camp examines figurative speech  emphasizing how metaphorical expressions enhance communicative and expressive functions. 
Philosophers' Views on Metaphor,Elizabeth Camp's Work,Imaginative Play,Metaphor involves imaginative play  allowing for creative and playful ways of conceptualizing and articulating ideas. 
Philosophers' Views on Metaphor,Elizabeth Camp's Work,Contextual Impacts,Camp considers the contextual impacts of metaphor  exploring how it functions within specific communicative situations. 
Philosophers' Views on Metaphor,Elizabeth Camp's Work,Persuasion Role,Metaphor plays a persuasive role  influencing attitudes and beliefs by framing concepts in particular ways. 
Philosophers' Views on Metaphor,Tye's Perspective,Embodied Cognition,Tye explores how metaphor is grounded in embodied cognition  connecting abstract concepts to bodily experiences. 
Philosophers' Views on Metaphor,Tye's Perspective,Perception and Representation,Metaphor  according to Tye  involves the perception and representation of one domain in terms of another.
Philosophers' Views on Metaphor,Tye's Perspective,Phenomenalism,Tye's phenomenalism informs his view of metaphor  emphasizing the role of subjective experience in understanding. 
Philosophers' Views on Metaphor,Tye's Perspective,Representationalism,Metaphor is examined through a representational lens  where mental representations convey metaphorical meanings. 
Philosophers' Views on Metaphor,Tye's Perspective,Conceptual Metaphor Theory,Tye engages with conceptual metaphor theory  investigating how metaphor shapes conceptual structures. 
Philosophers' Views on Metaphor,Tye's Perspective,Cognitive Science of Metaphor,Tye contributes to the cognitive science of metaphor  exploring the cognitive processes underlying metaphorical understanding. 
Philosophers' Views on Metaphor,Quine's Idea,Indeterminacy of Translation,Quine's indeterminacy of translation extends to metaphor  highlighting the challenges in fixing meanings across languages. 
Philosophers' Views on Metaphor,Quine's Idea,Holism,Metaphor is analyzed through Quine's holism  emphasizing the interconnectedness of language and the difficulty in isolating specific meanings. 
Philosophers' Views on Metaphor,Quine's Idea,Observational Sentences,Quine's focus on observational sentences extends to metaphorical language  complicating the distinction between observation and theory. 
Philosophers' Views on Metaphor,Quine's Idea,Ontological Relativity,Quine's ontological relativity influences his view of metaphor  recognizing the role of language in shaping ontological commitments. 
Philosophers' Views on Metaphor,Quine's Idea,Word and Object,Metaphor is examined in relation to Quine's Word and Object  exploring how it contributes to our overall conceptual framework. 
Philosophers' Views on Metaphor,Quine's Idea,Epistemic vs. Semantic Holism,Quine's distinction between epistemic and semantic holism informs his analysis of metaphor  emphasizing the inseparability of meaning and knowledge. 